{"stats":{"minecraft:dropped":{"minecraft:dirt":1,"minecraft:wooden_axe":2,"minecraft:wooden_pickaxe":1},"minecraft:killed":{"minecraft:skeleton":1,"minecraft:zombie":2},"minecraft:used":{"minecraft:birch_door":2,"minecraft:wooden_axe":23,"minecraft:birch_planks":64,"minecraft:oak_planks":40,"minecraft:wooden_pickaxe":4,"minecraft:bow":4,"minecraft:crafting_table":2},"minecraft:killed_by":{"minecraft:player":1},"minecraft:crafted":{"minecraft:oak_planks":44,"minecraft:crafting_table":1,"minecraft:stick":8,"minecraft:wooden_pickaxe":1,"minecraft:wooden_axe":2,"minecraft:birch_door":3,"minecraft:birch_planks":68},"minecraft:picked_up":{"minecraft:birch_log":19,"minecraft:birch_door":1,"minecraft:crafting_table":1,"minecraft:stick":10,"minecraft:wooden_pickaxe":3,"minecraft:birch_planks":4,"minecraft:sand":39,"minecraft:oak_log":13,"minecraft:stripped_birch_log":1,"minecraft:dirt":1,"minecraft:arrow":8,"minecraft:bone":4,"minecraft:rotten_flesh":6,"minecraft:bow":2,"minecraft:oak_sapling":4,"minecraft:oak_planks":57,"minecraft:wooden_axe":2},"minecraft:mined":{"minecraft:birch_planks":2,"minecraft:birch_log":12,"minecraft:birch_leaves":2,"minecraft:crafting_table":1,"minecraft:grass":2,"minecraft:grass_block":1,"minecraft:oak_log":5,"minecraft:oak_planks":3,"minecraft:oak_leaves":4},"minecraft:custom":{"minecraft:time_since_rest":1498,"minecraft:sprint_one_cm":23351,"minecraft:damage_taken":260,"minecraft:walk_one_cm":71551,"minecraft:mob_kills":3,"minecraft:drop":4,"minecraft:damage_dealt":437,"minecraft:player_kills":2,"minecraft:interact_with_crafting_table":10,"minecraft:fly_one_cm":27341,"minecraft:play_time":20763,"minecraft:deaths":1,"minecraft:jump":175,"minecraft:leave_game":1,"minecraft:time_since_death":1423,"minecraft:total_world_time":20763,"minecraft:fall_one_cm":1850}},"DataVersion":2860}