{"stats":{"minecraft:picked_up":{"minecraft:birch_log":17,"minecraft:stick":4,"minecraft:crafting_table":1,"minecraft:rotten_flesh":3,"minecraft:wooden_pickaxe":1,"minecraft:birch_planks":2,"minecraft:oak_log":11,"minecraft:oak_sapling":2,"minecraft:oak_planks":4,"minecraft:dirt":1},"minecraft:dropped":{"minecraft:wooden_axe":1},"minecraft:mined":{"minecraft:birch_planks":2,"minecraft:grass":2,"minecraft:grass_block":1,"minecraft:oak_log":5,"minecraft:birch_log":11,"minecraft:birch_leaves":2,"minecraft:oak_leaves":4,"minecraft:crafting_table":1},"minecraft:used":{"minecraft:birch_door":2,"minecraft:wooden_axe":17,"minecraft:crafting_table":2,"minecraft:birch_planks":62,"minecraft:oak_planks":34,"minecraft:wooden_pickaxe":1},"minecraft:crafted":{"minecraft:oak_planks":44,"minecraft:birch_door":3,"minecraft:birch_planks":68,"minecraft:crafting_table":1,"minecraft:stick":8,"minecraft:wooden_pickaxe":1,"minecraft:wooden_axe":1},"minecraft:killed":{"minecraft:zombie":1},"minecraft:custom":{"minecraft:time_since_rest":11913,"minecraft:play_time":11913,"minecraft:sprint_one_cm":10556,"minecraft:damage_taken":182,"minecraft:walk_one_cm":32779,"minecraft:mob_kills":1,"minecraft:drop":1,"minecraft:jump":92,"minecraft:damage_dealt":253,"minecraft:time_since_death":11913,"minecraft:total_world_time":11913,"minecraft:fall_one_cm":1165,"minecraft:interact_with_crafting_table":8,"minecraft:fly_one_cm":13495}},"DataVersion":2860}