{"stats":{"minecraft:dropped":{"minecraft:oak_planks":27},"minecraft:killed":{"minecraft:pig":1,"minecraft:spider":1},"minecraft:used":{"minecraft:wooden_axe":31,"minecraft:birch_planks":1,"minecraft:oak_planks":16,"minecraft:wooden_pickaxe":15,"minecraft:wooden_shovel":22,"minecraft:wooden_sword":18,"minecraft:crafting_table":1,"minecraft:furnace":1,"minecraft:birch_log":1},"minecraft:killed_by":{"minecraft:player":2},"minecraft:crafted":{"minecraft:wooden_sword":1,"minecraft:oak_planks":56,"minecraft:wooden_shovel":1,"minecraft:charcoal":2,"minecraft:wooden_pickaxe":1,"minecraft:stone_sword":1,"minecraft:furnace":1},"minecraft:picked_up":{"minecraft:wooden_axe":3,"minecraft:birch_log":1,"minecraft:stick":7,"minecraft:crafting_table":1,"minecraft:wooden_pickaxe":1,"minecraft:birch_planks":2,"minecraft:sand":2,"minecraft:porkchop":2,"minecraft:oak_log":22,"minecraft:dirt":40,"minecraft:spider_eye":1,"minecraft:string":4,"minecraft:stone_sword":1,"minecraft:bone":5,"minecraft:rotten_flesh":2,"minecraft:rose_bush":3,"minecraft:wooden_shovel":1,"minecraft:oak_sapling":7,"minecraft:oak_planks":1,"minecraft:cobblestone":20},"minecraft:mined":{"minecraft:birch_planks":1,"minecraft:birch_leaves":1,"minecraft:grass":2,"minecraft:grass_block":6,"minecraft:oak_log":15,"minecraft:rose_bush":2,"minecraft:sand":1,"minecraft:dirt":14,"minecraft:stone":15,"minecraft:oak_planks":1,"minecraft:oak_leaves":2},"minecraft:custom":{"minecraft:time_since_rest":415,"minecraft:interact_with_furnace":5,"minecraft:sprint_one_cm":20492,"minecraft:damage_taken":553,"minecraft:walk_one_cm":54427,"minecraft:mob_kills":2,"minecraft:drop":1,"minecraft:damage_dealt":591,"minecraft:interact_with_crafting_table":10,"minecraft:fly_one_cm":21197,"minecraft:crouch_one_cm":2477,"minecraft:play_time":15535,"minecraft:deaths":2,"minecraft:sneak_time":1175,"minecraft:walk_under_water_one_cm":95,"minecraft:jump":179,"minecraft:leave_game":1,"minecraft:walk_on_water_one_cm":1050,"minecraft:time_since_death":347,"minecraft:total_world_time":15535,"minecraft:fall_one_cm":1045}},"DataVersion":2860}