{"stats":{"minecraft:picked_up":{"minecraft:wooden_axe":2,"minecraft:birch_log":1,"minecraft:stick":7,"minecraft:birch_planks":1,"minecraft:rose_bush":2,"minecraft:oak_log":20,"minecraft:oak_sapling":3,"minecraft:spider_eye":1,"minecraft:string":2,"minecraft:crafting_table":1},"minecraft:mined":{"minecraft:grass":1,"minecraft:oak_log":15,"minecraft:rose_bush":2,"minecraft:birch_leaves":1,"minecraft:oak_leaves":2},"minecraft:killed_by":{"minecraft:player":1},"minecraft:used":{"minecraft:wooden_axe":29,"minecraft:wooden_sword":10},"minecraft:crafted":{"minecraft:wooden_sword":1,"minecraft:oak_planks":56},"minecraft:killed":{"minecraft:spider":1},"minecraft:custom":{"minecraft:time_since_rest":3439,"minecraft:deaths":1,"minecraft:play_time":5115,"minecraft:sprint_one_cm":8507,"minecraft:damage_taken":433,"minecraft:walk_one_cm":22553,"minecraft:sneak_time":65,"minecraft:mob_kills":1,"minecraft:jump":66,"minecraft:damage_dealt":454,"minecraft:time_since_death":3408,"minecraft:total_world_time":5115,"minecraft:interact_with_crafting_table":4,"minecraft:fall_one_cm":209,"minecraft:fly_one_cm":5159,"minecraft:crouch_one_cm":99}},"DataVersion":2860}