{"stats":{"minecraft:dropped":{"minecraft:oak_log":6,"minecraft:oak_planks":26,"minecraft:wooden_pickaxe":1,"minecraft:birch_log":6},"minecraft:killed":{"minecraft:skeleton":2,"minecraft:zombie":1},"minecraft:used":{"minecraft:wooden_axe":41,"minecraft:birch_planks":2,"minecraft:oak_planks":2,"minecraft:wooden_pickaxe":15,"minecraft:rotten_flesh":1,"minecraft:sand":6,"minecraft:crafting_table":1},"minecraft:broken":{"minecraft:wooden_axe":1},"minecraft:killed_by":{"minecraft:player":1,"minecraft:skeleton":1,"minecraft:zombie":1},"minecraft:crafted":{"minecraft:oak_planks":16,"minecraft:crafting_table":1,"minecraft:stick":4,"minecraft:wooden_pickaxe":1,"minecraft:wooden_axe":1},"minecraft:picked_up":{"minecraft:birch_log":6,"minecraft:crafting_table":1,"minecraft:stick":4,"minecraft:wooden_pickaxe":2,"minecraft:birch_planks":3,"minecraft:sand":44,"minecraft:oak_log":10,"minecraft:bone":5,"minecraft:arrow":4,"minecraft:rotten_flesh":2,"minecraft:oak_sapling":6,"minecraft:oak_planks":24},"minecraft:mined":{"minecraft:birch_planks":3,"minecraft:birch_log":8,"minecraft:birch_leaves":4,"minecraft:crafting_table":1,"minecraft:grass":1,"minecraft:oak_log":9,"minecraft:sand":76,"minecraft:oak_planks":1,"minecraft:oak_leaves":9},"minecraft:custom":{"minecraft:time_since_rest":1080,"minecraft:sprint_one_cm":40415,"minecraft:damage_taken":846,"minecraft:walk_one_cm":114046,"minecraft:mob_kills":3,"minecraft:drop":18,"minecraft:damage_dealt":785,"minecraft:interact_with_crafting_table":3,"minecraft:fly_one_cm":16314,"minecraft:player_kills":2,"minecraft:play_time":20995,"minecraft:deaths":3,"minecraft:jump":191,"minecraft:walk_on_water_one_cm":684,"minecraft:time_since_death":1042,"minecraft:total_world_time":20995,"minecraft:fall_one_cm":2840}},"DataVersion":2860}