{"stats":{"minecraft:picked_up":{"minecraft:arrow":4,"minecraft:stick":4,"minecraft:crafting_table":1,"minecraft:bone":5,"minecraft:rotten_flesh":2,"minecraft:birch_planks":1,"minecraft:oak_log":10,"minecraft:oak_sapling":4,"minecraft:birch_log":6},"minecraft:dropped":{"minecraft:oak_planks":4,"minecraft:oak_log":6,"minecraft:birch_log":6},"minecraft:mined":{"minecraft:grass":1,"minecraft:birch_planks":1,"minecraft:oak_log":9,"minecraft:birch_log":7,"minecraft:birch_leaves":4,"minecraft:oak_leaves":9,"minecraft:crafting_table":1},"minecraft:killed_by":{"minecraft:skeleton":1},"minecraft:used":{"minecraft:wooden_axe":41,"minecraft:crafting_table":1,"minecraft:wooden_pickaxe":14,"minecraft:rotten_flesh":1},"minecraft:crafted":{"minecraft:oak_planks":16,"minecraft:crafting_table":1,"minecraft:stick":4,"minecraft:wooden_pickaxe":1,"minecraft:wooden_axe":1},"minecraft:killed":{"minecraft:skeleton":2,"minecraft:zombie":1},"minecraft:broken":{"minecraft:wooden_axe":1},"minecraft:custom":{"minecraft:time_since_rest":104,"minecraft:play_time":10988,"minecraft:sprint_one_cm":22454,"minecraft:damage_taken":270,"minecraft:walk_one_cm":46783,"minecraft:mob_kills":3,"minecraft:drop":16,"minecraft:jump":72,"minecraft:damage_dealt":518,"minecraft:time_since_death":70,"minecraft:total_world_time":10988,"minecraft:deaths":1,"minecraft:interact_with_crafting_table":2,"minecraft:fall_one_cm":1176,"minecraft:fly_one_cm":4748,"minecraft:player_kills":1}},"DataVersion":2860}