{"stats":{"minecraft:dropped":{"minecraft:stripped_birch_log":1,"minecraft:birch_log":1,"minecraft:wooden_axe":1},"minecraft:used":{"minecraft:wooden_axe":1,"minecraft:sand":44},"minecraft:picked_up":{"minecraft:wooden_axe":1,"minecraft:birch_log":1,"minecraft:sand":12,"minecraft:stripped_birch_log":1},"minecraft:mined":{"minecraft:birch_planks":1,"minecraft:sand":12,"minecraft:stripped_birch_log":1,"minecraft:oak_planks":2},"minecraft:custom":{"minecraft:time_since_rest":7123,"minecraft:crouch_one_cm":800,"minecraft:sprint_one_cm":5614,"minecraft:play_time":7123,"minecraft:damage_taken":228,"minecraft:walk_one_cm":10622,"minecraft:sneak_time":628,"minecraft:walk_under_water_one_cm":1425,"minecraft:drop":3,"minecraft:jump":43,"minecraft:damage_dealt":86,"minecraft:leave_game":3,"minecraft:time_since_death":7123,"minecraft:walk_on_water_one_cm":804,"minecraft:total_world_time":7123,"minecraft:fall_one_cm":209,"minecraft:fly_one_cm":49163}},"DataVersion":2860}